id,question,audio_path,optionA,optionB,optionC,optionD,correct,source_wavs,source_categories
0,Which sound event occurs after rooster sound?,TREA_dataset/order/audios/0.wav,"Door, wood creaks",Mouse click,airplane,Fireworks,C,"['ESC-50-master/audio/2-99955-C-7.wav', 'ESC-50-master/audio/2-95258-B-1.wav', 'ESC-50-master/audio/2-105270-A-47.wav', 'ESC-50-master/audio/1-67152-A-17.wav']","['insects', 'rooster', 'airplane', 'pouring_water']"
1,Which sound event occurs first?,TREA_dataset/order/audios/1.wav,"Drinking, sipping",Keyboard typing,Rooster,airplane,D,"['ESC-50-master/audio/4-161103-A-47.wav', 'ESC-50-master/audio/1-43764-A-34.wav', 'ESC-50-master/audio/1-34094-B-5.wav', 'ESC-50-master/audio/1-72195-B-37.wav']","['airplane', 'can_opening', 'cat', 'clock_alarm']"
2,Which sound event occurs second?,TREA_dataset/order/audios/2.wav,Laughing,Brushing teeth,Crow,keyboard_typing,D,"['ESC-50-master/audio/5-243459-B-14.wav', 'ESC-50-master/audio/1-53501-A-32.wav']","['chirping_birds', 'keyboard_typing']"
3,Which sound event occurs first?,TREA_dataset/order/audios/3.wav,Clapping,Sea waves,crackling_fire,"Door, wood creaks",C,"['ESC-50-master/audio/5-189237-A-12.wav', 'ESC-50-master/audio/4-165791-B-45.wav', 'ESC-50-master/audio/2-77945-A-41.wav', 'ESC-50-master/audio/4-186940-A-44.wav']","['crackling_fire', 'train', 'chainsaw', 'engine']"
4,Which sound event occurs second?,TREA_dataset/order/audios/4.wav,dog,Chainsaw,Toilet flush,Crying baby,A,"['ESC-50-master/audio/4-181628-A-17.wav', 'ESC-50-master/audio/3-170015-A-0.wav', 'ESC-50-master/audio/3-119120-B-48.wav', 'ESC-50-master/audio/2-117625-A-10.wav']","['pouring_water', 'dog', 'fireworks', 'rain']"
5,Which sound event occurs second?,TREA_dataset/order/audios/5.wav,sneezing,Can opening,Cow,Glass breaking,A,"['ESC-50-master/audio/1-25777-A-48.wav', 'ESC-50-master/audio/1-54505-A-21.wav']","['fireworks', 'sneezing']"
6,Which sound event occurs second?,TREA_dataset/order/audios/6.wav,Clock alarm,clapping,Cow,Crickets,B,"['ESC-50-master/audio/3-164216-A-6.wav', 'ESC-50-master/audio/1-105224-A-22.wav', 'ESC-50-master/audio/4-191327-A-38.wav']","['hen', 'clapping', 'clock_tick']"
7,Which sound event occurs first?,TREA_dataset/order/audios/7.wav,"Drinking, sipping",insects,"Door, wood creaks",Breathing,B,"['ESC-50-master/audio/3-105235-A-7.wav', 'ESC-50-master/audio/5-251489-A-24.wav', 'ESC-50-master/audio/3-95698-A-5.wav', 'ESC-50-master/audio/5-223810-A-35.wav']","['insects', 'coughing', 'cat', 'washing_machine']"
8,Which sound event occurs second?,TREA_dataset/order/audios/8.wav,frog,Chainsaw,Vacuum cleaner,Siren,A,"['ESC-50-master/audio/1-54065-B-45.wav', 'ESC-50-master/audio/2-52085-B-4.wav']","['train', 'frog']"
9,Which sound event occurs third?,TREA_dataset/order/audios/9.wav,Keyboard typing,hen,Clapping,Church bells,B,"['ESC-50-master/audio/4-120160-A-5.wav', 'ESC-50-master/audio/3-155578-A-14.wav', 'ESC-50-master/audio/4-234879-A-6.wav']","['cat', 'chirping_birds', 'hen']"
10,Which sound event occurs fourth?,TREA_dataset/order/audios/10.wav,Chirping birds,crickets,Pig,Snoring,B,"['ESC-50-master/audio/3-112557-A-23.wav', 'ESC-50-master/audio/1-50060-A-10.wav', 'ESC-50-master/audio/5-254160-A-22.wav', 'ESC-50-master/audio/2-125821-A-13.wav']","['breathing', 'rain', 'clapping', 'crickets']"
11,Which sound event occurs third?,TREA_dataset/order/audios/11.wav,Airplane,Church bells,Crying baby,rain,D,"['ESC-50-master/audio/4-125825-A-46.wav', 'ESC-50-master/audio/3-160119-A-15.wav', 'ESC-50-master/audio/5-194892-A-10.wav', 'ESC-50-master/audio/2-92978-A-29.wav']","['church_bells', 'water_drops', 'rain', 'drinking_sipping']"
12,Which sound event occurs first?,TREA_dataset/order/audios/12.wav,crying_baby,Snoring,Church bells,Frog,A,"['ESC-50-master/audio/1-211527-B-20.wav', 'ESC-50-master/audio/3-96606-A-49.wav', 'ESC-50-master/audio/4-174860-B-3.wav', 'ESC-50-master/audio/3-155578-A-14.wav']","['crying_baby', 'hand_saw', 'cow', 'chirping_birds']"
13,Which sound event occurs after crickets sound?,TREA_dataset/order/audios/13.wav,Insects (flying),vacuum_cleaner,Footsteps,Glass breaking,B,"['ESC-50-master/audio/3-155766-A-13.wav', 'ESC-50-master/audio/2-141681-B-36.wav']","['crickets', 'vacuum_cleaner']"
14,Which sound event occurs after mouse_click sound?,TREA_dataset/order/audios/14.wav,footsteps,Train,Insects (flying),Glass breaking,A,"['ESC-50-master/audio/2-138257-A-31.wav', 'ESC-50-master/audio/3-103597-A-25.wav', 'ESC-50-master/audio/2-50667-A-41.wav', 'ESC-50-master/audio/2-94807-A-29.wav']","['mouse_click', 'footsteps', 'chainsaw', 'drinking_sipping']"
15,Which sound event occurs after washing_machine sound?,TREA_dataset/order/audios/15.wav,Coughing,Pig,Chirping birds,can_opening,D,"['ESC-50-master/audio/5-238021-A-35.wav', 'ESC-50-master/audio/4-188003-A-34.wav', 'ESC-50-master/audio/5-217186-A-16.wav', 'ESC-50-master/audio/4-161099-B-47.wav']","['washing_machine', 'can_opening', 'wind', 'airplane']"
16,Which sound event occurs after chirping_birds sound?,TREA_dataset/order/audios/16.wav,Water drops,Mouse click,sheep,Clock alarm,C,"['ESC-50-master/audio/4-223127-A-14.wav', 'ESC-50-master/audio/1-57795-A-8.wav', 'ESC-50-master/audio/1-62594-A-32.wav']","['chirping_birds', 'sheep', 'keyboard_typing']"
17,Which sound event occurs after crow sound?,TREA_dataset/order/audios/17.wav,Sneezing,Crickets,helicopter,Keyboard typing,C,"['ESC-50-master/audio/2-108767-A-9.wav', 'ESC-50-master/audio/4-175000-A-40.wav']","['crow', 'helicopter']"
18,Which sound event occurs third?,TREA_dataset/order/audios/18.wav,Brushing teeth,Washing machine,Helicopter,clock_tick,D,"['ESC-50-master/audio/5-156026-B-4.wav', 'ESC-50-master/audio/3-125418-A-24.wav', 'ESC-50-master/audio/5-209833-A-38.wav', 'ESC-50-master/audio/1-17295-A-29.wav']","['frog', 'coughing', 'clock_tick', 'drinking_sipping']"
19,Which sound event occurs after insects sound?,TREA_dataset/order/audios/19.wav,Mouse click,Cow,car_horn,Crying baby,C,"['ESC-50-master/audio/3-111102-B-46.wav', 'ESC-50-master/audio/3-110913-B-7.wav', 'ESC-50-master/audio/1-28808-A-43.wav', 'ESC-50-master/audio/3-148932-A-34.wav']","['church_bells', 'insects', 'car_horn', 'can_opening']"
20,Which sound event occurs second?,TREA_dataset/order/audios/20.wav,drinking_sipping,"Drinking, sipping",Can opening,Rain,A,"['ESC-50-master/audio/3-132852-A-10.wav', 'ESC-50-master/audio/5-204114-A-29.wav', 'ESC-50-master/audio/2-117271-A-0.wav']","['rain', 'drinking_sipping', 'dog']"
21,Which sound event occurs fourth?,TREA_dataset/order/audios/21.wav,Wind,Chirping birds,Thunderstorm,keyboard_typing,D,"['ESC-50-master/audio/5-263831-A-6.wav', 'ESC-50-master/audio/2-37806-A-40.wav', 'ESC-50-master/audio/2-104105-B-19.wav', 'ESC-50-master/audio/3-155570-A-32.wav']","['hen', 'helicopter', 'thunderstorm', 'keyboard_typing']"
22,Which sound event occurs second?,TREA_dataset/order/audios/22.wav,Thunderstorm,Sneezing,Toilet flush,hand_saw,D,"['ESC-50-master/audio/5-236299-A-34.wav', 'ESC-50-master/audio/1-18810-A-49.wav']","['can_opening', 'hand_saw']"
23,Which sound event occurs third?,TREA_dataset/order/audios/23.wav,Can opening,Crickets,rooster,Hand saw,C,"['ESC-50-master/audio/3-152007-E-20.wav', 'ESC-50-master/audio/3-167096-A-31.wav', 'ESC-50-master/audio/2-96460-A-1.wav', 'ESC-50-master/audio/1-46938-B-7.wav']","['crying_baby', 'mouse_click', 'rooster', 'insects']"
24,Which sound event occurs after vacuum_cleaner sound?,TREA_dataset/order/audios/24.wav,Train,Airplane,Car horn,cat,D,"['ESC-50-master/audio/1-46744-A-36.wav', 'ESC-50-master/audio/4-161303-B-5.wav']","['vacuum_cleaner', 'cat']"
25,Which sound event occurs first?,TREA_dataset/order/audios/25.wav,Helicopter,Breathing,Can opening,fireworks,D,"['ESC-50-master/audio/2-117615-A-48.wav', 'ESC-50-master/audio/2-130245-A-34.wav']","['fireworks', 'can_opening']"
26,Which sound event occurs first?,TREA_dataset/order/audios/26.wav,Snoring,Clapping,door_wood_knock,"Drinking, sipping",C,"['ESC-50-master/audio/5-218981-A-30.wav', 'ESC-50-master/audio/5-245040-A-35.wav', 'ESC-50-master/audio/4-164206-A-10.wav', 'ESC-50-master/audio/2-109371-D-16.wav']","['door_wood_knock', 'washing_machine', 'rain', 'wind']"
27,Which sound event occurs second?,TREA_dataset/order/audios/27.wav,Pig,Can opening,Coughing,church_bells,D,"['ESC-50-master/audio/3-119120-D-48.wav', 'ESC-50-master/audio/4-125825-B-46.wav', 'ESC-50-master/audio/3-259622-A-44.wav', 'ESC-50-master/audio/4-171207-A-12.wav']","['fireworks', 'church_bells', 'engine', 'crackling_fire']"
28,Which sound event occurs fourth?,TREA_dataset/order/audios/28.wav,Clock tick,Sheep,"Drinking, sipping",chirping_birds,D,"['ESC-50-master/audio/1-40621-A-28.wav', 'ESC-50-master/audio/3-110913-B-7.wav', 'ESC-50-master/audio/1-12654-A-15.wav', 'ESC-50-master/audio/5-243459-A-14.wav']","['snoring', 'insects', 'water_drops', 'chirping_birds']"
29,Which sound event occurs after clock_alarm sound?,TREA_dataset/order/audios/29.wav,dog,Insects (flying),Brushing teeth,Breathing,A,"['ESC-50-master/audio/1-38559-A-14.wav', 'ESC-50-master/audio/2-89516-A-37.wav', 'ESC-50-master/audio/1-32318-A-0.wav', 'ESC-50-master/audio/1-17970-A-4.wav']","['chirping_birds', 'clock_alarm', 'dog', 'frog']"
30,Which sound event occurs third?,TREA_dataset/order/audios/30.wav,water_drops,Crying baby,Cow,Mouse click,A,"['ESC-50-master/audio/3-70962-A-4.wav', 'ESC-50-master/audio/4-185613-A-32.wav', 'ESC-50-master/audio/2-64963-A-15.wav']","['frog', 'keyboard_typing', 'water_drops']"
31,Which sound event occurs after church_bells sound?,TREA_dataset/order/audios/31.wav,vacuum_cleaner,Wind,Thunderstorm,Helicopter,A,"['ESC-50-master/audio/2-196688-A-8.wav', 'ESC-50-master/audio/4-150364-B-46.wav', 'ESC-50-master/audio/4-172733-A-36.wav', 'ESC-50-master/audio/2-120218-B-30.wav']","['sheep', 'church_bells', 'vacuum_cleaner', 'door_wood_knock']"
32,Which sound event occurs after hen sound?,TREA_dataset/order/audios/32.wav,Clock alarm,Hand saw,Chainsaw,siren,D,"['ESC-50-master/audio/4-204830-A-6.wav', 'ESC-50-master/audio/3-62878-A-42.wav']","['hen', 'siren']"
33,Which sound event occurs first?,TREA_dataset/order/audios/33.wav,Thunderstorm,laughing,Breathing,Footsteps,B,"['ESC-50-master/audio/1-33658-A-26.wav', 'ESC-50-master/audio/1-85909-A-29.wav', 'ESC-50-master/audio/1-22804-A-46.wav']","['laughing', 'drinking_sipping', 'church_bells']"
34,Which sound event occurs first?,TREA_dataset/order/audios/34.wav,church_bells,Mouse click,Hand saw,Chirping birds,A,"['ESC-50-master/audio/2-78381-A-46.wav', 'ESC-50-master/audio/2-130978-A-21.wav', 'ESC-50-master/audio/2-157488-A-6.wav']","['church_bells', 'sneezing', 'hen']"
35,Which sound event occurs first?,TREA_dataset/order/audios/35.wav,snoring,Train,Dog,Pig,A,"['ESC-50-master/audio/3-124795-A-28.wav', 'ESC-50-master/audio/4-196671-B-8.wav', 'ESC-50-master/audio/2-96904-A-27.wav', 'ESC-50-master/audio/1-43760-A-11.wav']","['snoring', 'sheep', 'brushing_teeth', 'sea_waves']"
36,Which sound event occurs after hen sound?,TREA_dataset/order/audios/36.wav,Hen,Sneezing,Rooster,cow,D,"['ESC-50-master/audio/5-207811-A-35.wav', 'ESC-50-master/audio/1-18074-A-6.wav', 'ESC-50-master/audio/1-77160-A-3.wav']","['washing_machine', 'hen', 'cow']"
37,Which sound event occurs second?,TREA_dataset/order/audios/37.wav,Engine,Clock alarm,laughing,Breathing,C,"['ESC-50-master/audio/4-181286-A-10.wav', 'ESC-50-master/audio/4-167571-A-26.wav']","['rain', 'laughing']"
38,Which sound event occurs second?,TREA_dataset/order/audios/38.wav,Helicopter,cow,Dog,Laughing,B,"['ESC-50-master/audio/2-209473-A-25.wav', 'ESC-50-master/audio/4-174860-A-3.wav']","['footsteps', 'cow']"
39,Which sound event occurs first?,TREA_dataset/order/audios/39.wav,Mouse click,coughing,Can opening,Engine,B,"['ESC-50-master/audio/4-169726-A-24.wav', 'ESC-50-master/audio/3-134699-A-16.wav']","['coughing', 'wind']"
40,Which sound event occurs first?,TREA_dataset/order/audios/40.wav,engine,Can opening,Sea waves,Toilet flush,A,"['ESC-50-master/audio/4-201988-A-44.wav', 'ESC-50-master/audio/2-57191-A-46.wav', 'ESC-50-master/audio/2-102568-A-35.wav']","['engine', 'church_bells', 'washing_machine']"
41,Which sound event occurs first?,TREA_dataset/order/audios/41.wav,Siren,Hen,Helicopter,crickets,D,"['ESC-50-master/audio/5-210540-A-13.wav', 'ESC-50-master/audio/1-69422-A-3.wav', 'ESC-50-master/audio/3-131943-A-37.wav']","['crickets', 'cow', 'clock_alarm']"
42,Which sound event occurs after cow sound?,TREA_dataset/order/audios/42.wav,Car horn,Glass breaking,clock_alarm,Can opening,C,"['ESC-50-master/audio/4-213915-B-3.wav', 'ESC-50-master/audio/5-210612-A-37.wav']","['cow', 'clock_alarm']"
43,Which sound event occurs second?,TREA_dataset/order/audios/43.wav,Church bells,Coughing,cow,Engine,C,"['ESC-50-master/audio/2-73027-A-10.wav', 'ESC-50-master/audio/1-69641-A-3.wav', 'ESC-50-master/audio/5-234923-A-32.wav', 'ESC-50-master/audio/1-47819-C-5.wav']","['rain', 'cow', 'keyboard_typing', 'cat']"
44,Which sound event occurs second?,TREA_dataset/order/audios/44.wav,Engine,footsteps,Footsteps,Sneezing,B,"['ESC-50-master/audio/2-68595-B-15.wav', 'ESC-50-master/audio/5-263491-A-25.wav', 'ESC-50-master/audio/5-198278-C-7.wav', 'ESC-50-master/audio/1-19840-A-36.wav']","['water_drops', 'footsteps', 'insects', 'vacuum_cleaner']"
45,Which sound event occurs first?,TREA_dataset/order/audios/45.wav,Sneezing,cat,Footsteps,Crying baby,B,"['ESC-50-master/audio/5-214759-A-5.wav', 'ESC-50-master/audio/5-242932-A-26.wav', 'ESC-50-master/audio/3-51909-B-42.wav', 'ESC-50-master/audio/3-117793-A-37.wav']","['cat', 'laughing', 'siren', 'clock_alarm']"
46,Which sound event occurs second?,TREA_dataset/order/audios/46.wav,Cat,Can opening,train,Vacuum cleaner,C,"['ESC-50-master/audio/3-51909-B-42.wav', 'ESC-50-master/audio/2-262579-A-45.wav']","['siren', 'train']"
47,Which sound event occurs after footsteps sound?,TREA_dataset/order/audios/47.wav,Footsteps,Door knock,sheep,Brushing teeth,C,"['ESC-50-master/audio/3-103599-B-25.wav', 'ESC-50-master/audio/4-196671-B-8.wav', 'ESC-50-master/audio/3-51909-B-42.wav']","['footsteps', 'sheep', 'siren']"
48,Which sound event occurs second?,TREA_dataset/order/audios/48.wav,Insects (flying),drinking_sipping,Train,Dog,B,"['ESC-50-master/audio/5-9032-A-0.wav', 'ESC-50-master/audio/5-207836-D-29.wav']","['dog', 'drinking_sipping']"
49,Which sound event occurs first?,TREA_dataset/order/audios/49.wav,frog,"Drinking, sipping",Coughing,Glass breaking,A,"['ESC-50-master/audio/2-52085-A-4.wav', 'ESC-50-master/audio/5-221878-A-34.wav']","['frog', 'can_opening']"
50,Which sound event occurs second?,TREA_dataset/order/audios/50.wav,Rooster,clapping,Dog,Crickets,B,"['ESC-50-master/audio/2-196688-A-8.wav', 'ESC-50-master/audio/3-197435-B-22.wav', 'ESC-50-master/audio/3-70962-B-4.wav']","['sheep', 'clapping', 'frog']"
51,Which sound event occurs second?,TREA_dataset/order/audios/51.wav,Laughing,Sheep,Glass breaking,can_opening,D,"['ESC-50-master/audio/3-130998-A-28.wav', 'ESC-50-master/audio/5-260011-A-34.wav']","['snoring', 'can_opening']"
52,Which sound event occurs second?,TREA_dataset/order/audios/52.wav,Cow,Hen,dog,Thunderstorm,C,"['ESC-50-master/audio/3-103401-B-33.wav', 'ESC-50-master/audio/1-85362-A-0.wav', 'ESC-50-master/audio/2-43802-A-42.wav', 'ESC-50-master/audio/3-135469-A-35.wav']","['door_wood_creaks', 'dog', 'siren', 'washing_machine']"
53,Which sound event occurs second?,TREA_dataset/order/audios/53.wav,Toilet flush,airplane,Insects (flying),Door knock,B,"['ESC-50-master/audio/5-248341-A-6.wav', 'ESC-50-master/audio/2-106849-A-47.wav']","['hen', 'airplane']"
54,Which sound event occurs second?,TREA_dataset/order/audios/54.wav,Rooster,Chainsaw,Keyboard typing,clock_tick,D,"['ESC-50-master/audio/3-92637-A-18.wav', 'ESC-50-master/audio/2-140147-A-38.wav', 'ESC-50-master/audio/3-129338-A-13.wav']","['toilet_flush', 'clock_tick', 'crickets']"
55,Which sound event occurs third?,TREA_dataset/order/audios/55.wav,Crying baby,cow,Crow,Toilet flush,B,"['ESC-50-master/audio/4-201800-A-31.wav', 'ESC-50-master/audio/3-117504-B-16.wav', 'ESC-50-master/audio/1-58277-A-3.wav', 'ESC-50-master/audio/1-34094-A-5.wav']","['mouse_click', 'wind', 'cow', 'cat']"
56,Which sound event occurs first?,TREA_dataset/order/audios/56.wav,hand_saw,Wind,Door knock,Insects (flying),A,"['ESC-50-master/audio/3-102583-A-49.wav', 'ESC-50-master/audio/2-119161-A-8.wav', 'ESC-50-master/audio/4-175000-B-40.wav']","['hand_saw', 'sheep', 'helicopter']"
57,Which sound event occurs first?,TREA_dataset/order/audios/57.wav,Toilet flush,Sheep,Footsteps,train,D,"['ESC-50-master/audio/1-88409-B-45.wav', 'ESC-50-master/audio/1-58923-B-27.wav', 'ESC-50-master/audio/2-102567-B-35.wav', 'ESC-50-master/audio/5-208030-A-0.wav']","['train', 'brushing_teeth', 'washing_machine', 'dog']"
58,Which sound event occurs second?,TREA_dataset/order/audios/58.wav,Helicopter,Toilet flush,Fireworks,clock_alarm,D,"['ESC-50-master/audio/5-234335-A-23.wav', 'ESC-50-master/audio/2-104475-A-37.wav']","['breathing', 'clock_alarm']"
59,Which sound event occurs after sheep sound?,TREA_dataset/order/audios/59.wav,Sheep,"Drinking, sipping",Siren,pig,D,"['ESC-50-master/audio/3-20861-A-8.wav', 'ESC-50-master/audio/1-208757-C-2.wav', 'ESC-50-master/audio/3-144891-A-19.wav']","['sheep', 'pig', 'thunderstorm']"
60,Which sound event occurs after car_horn sound?,TREA_dataset/order/audios/60.wav,Cat,Train,water_drops,Pig,C,"['ESC-50-master/audio/1-26177-A-43.wav', 'ESC-50-master/audio/3-166324-A-15.wav']","['car_horn', 'water_drops']"
61,Which sound event occurs first?,TREA_dataset/order/audios/61.wav,laughing,Rain,Airplane,Can opening,A,"['ESC-50-master/audio/2-79775-A-26.wav', 'ESC-50-master/audio/2-112213-B-39.wav', 'ESC-50-master/audio/2-74361-A-47.wav', 'ESC-50-master/audio/4-145081-A-9.wav']","['laughing', 'glass_breaking', 'airplane', 'crow']"
62,Which sound event occurs after sea_waves sound?,TREA_dataset/order/audios/62.wav,airplane,Clock tick,Crickets,Cow,A,"['ESC-50-master/audio/3-164630-A-11.wav', 'ESC-50-master/audio/4-161100-A-47.wav']","['sea_waves', 'airplane']"
63,Which sound event occurs second?,TREA_dataset/order/audios/63.wav,Crackling fire,Dog,Mouse click,water_drops,D,"['ESC-50-master/audio/1-43807-D-47.wav', 'ESC-50-master/audio/4-168155-A-15.wav', 'ESC-50-master/audio/1-50688-A-17.wav', 'ESC-50-master/audio/4-180380-A-10.wav']","['airplane', 'water_drops', 'pouring_water', 'rain']"
64,Which sound event occurs first?,TREA_dataset/order/audios/64.wav,Engine,crackling_fire,Chainsaw,Car horn,B,"['ESC-50-master/audio/3-158476-A-12.wav', 'ESC-50-master/audio/3-144259-A-29.wav']","['crackling_fire', 'drinking_sipping']"
65,Which sound event occurs first?,TREA_dataset/order/audios/65.wav,chirping_birds,Vacuum cleaner,Cat,Coughing,A,"['ESC-50-master/audio/2-72547-A-14.wav', 'ESC-50-master/audio/4-164064-A-1.wav']","['chirping_birds', 'rooster']"
66,Which sound event occurs second?,TREA_dataset/order/audios/66.wav,Cat,Crow,Clock tick,frog,D,"['ESC-50-master/audio/3-108451-B-17.wav', 'ESC-50-master/audio/3-71964-C-4.wav', 'ESC-50-master/audio/5-250258-A-49.wav']","['pouring_water', 'frog', 'hand_saw']"
67,Which sound event occurs after can_opening sound?,TREA_dataset/order/audios/67.wav,sneezing,Siren,"Drinking, sipping",Clock alarm,A,"['ESC-50-master/audio/1-19026-A-43.wav', 'ESC-50-master/audio/1-69165-A-34.wav', 'ESC-50-master/audio/3-141684-A-21.wav']","['car_horn', 'can_opening', 'sneezing']"
68,Which sound event occurs second?,TREA_dataset/order/audios/68.wav,"Drinking, sipping",Glass breaking,Train,wind,D,"['ESC-50-master/audio/1-34853-A-37.wav', 'ESC-50-master/audio/1-51037-A-16.wav']","['clock_alarm', 'wind']"
69,Which sound event occurs third?,TREA_dataset/order/audios/69.wav,Laughing,"Door, wood creaks",Car horn,church_bells,D,"['ESC-50-master/audio/4-154405-B-27.wav', 'ESC-50-master/audio/5-254160-A-22.wav', 'ESC-50-master/audio/5-179294-A-46.wav', 'ESC-50-master/audio/1-60997-B-20.wav']","['brushing_teeth', 'clapping', 'church_bells', 'crying_baby']"
70,Which sound event occurs after vacuum_cleaner sound?,TREA_dataset/order/audios/70.wav,crackling_fire,Helicopter,Hen,Fireworks,A,"['ESC-50-master/audio/1-19840-A-36.wav', 'ESC-50-master/audio/4-170247-B-12.wav', 'ESC-50-master/audio/1-137296-A-16.wav']","['vacuum_cleaner', 'crackling_fire', 'wind']"
71,Which sound event occurs second?,TREA_dataset/order/audios/71.wav,Chirping birds,"Door, wood creaks",Sea waves,car_horn,D,"['ESC-50-master/audio/2-83667-A-34.wav', 'ESC-50-master/audio/3-243726-A-43.wav', 'ESC-50-master/audio/4-147657-A-46.wav', 'ESC-50-master/audio/1-43807-B-47.wav']","['can_opening', 'car_horn', 'church_bells', 'airplane']"
72,Which sound event occurs second?,TREA_dataset/order/audios/72.wav,Brushing teeth,glass_breaking,Fireworks,Pouring water,B,"['ESC-50-master/audio/1-81883-A-21.wav', 'ESC-50-master/audio/3-203375-A-39.wav', 'ESC-50-master/audio/5-151085-A-20.wav', 'ESC-50-master/audio/3-51909-A-42.wav']","['sneezing', 'glass_breaking', 'crying_baby', 'siren']"
73,Which sound event occurs first?,TREA_dataset/order/audios/73.wav,Snoring,Pouring water,laughing,Crackling fire,C,"['ESC-50-master/audio/3-118487-A-26.wav', 'ESC-50-master/audio/5-198411-C-20.wav', 'ESC-50-master/audio/2-209471-A-25.wav', 'ESC-50-master/audio/2-106487-A-44.wav']","['laughing', 'crying_baby', 'footsteps', 'engine']"
74,Which sound event occurs after coughing sound?,TREA_dataset/order/audios/74.wav,Crickets,Clapping,car_horn,Clock tick,C,"['ESC-50-master/audio/2-70052-B-42.wav', 'ESC-50-master/audio/5-251489-A-24.wav', 'ESC-50-master/audio/5-179868-A-43.wav']","['siren', 'coughing', 'car_horn']"
75,Which sound event occurs second?,TREA_dataset/order/audios/75.wav,Coughing,Crickets,Glass breaking,washing_machine,D,"['ESC-50-master/audio/3-103599-B-25.wav', 'ESC-50-master/audio/3-151273-A-35.wav', 'ESC-50-master/audio/2-118964-A-0.wav']","['footsteps', 'washing_machine', 'dog']"
76,Which sound event occurs first?,TREA_dataset/order/audios/76.wav,Water drops,clock_alarm,Hand saw,Sheep,B,"['ESC-50-master/audio/3-131943-A-37.wav', 'ESC-50-master/audio/4-191327-A-38.wav', 'ESC-50-master/audio/4-165823-A-41.wav']","['clock_alarm', 'clock_tick', 'chainsaw']"
77,Which sound event occurs second?,TREA_dataset/order/audios/77.wav,Breathing,crickets,Church bells,Laughing,B,"['ESC-50-master/audio/4-178402-A-43.wav', 'ESC-50-master/audio/2-125821-A-13.wav', 'ESC-50-master/audio/1-84393-A-32.wav']","['car_horn', 'crickets', 'keyboard_typing']"
78,Which sound event occurs after siren sound?,TREA_dataset/order/audios/78.wav,helicopter,Can opening,"Door, wood creaks",Fireworks,A,"['ESC-50-master/audio/5-244178-A-32.wav', 'ESC-50-master/audio/3-58772-A-42.wav', 'ESC-50-master/audio/1-172649-F-40.wav']","['keyboard_typing', 'siren', 'helicopter']"
79,Which sound event occurs first?,TREA_dataset/order/audios/79.wav,Church bells,Toilet flush,car_horn,Crickets,C,"['ESC-50-master/audio/2-42101-A-43.wav', 'ESC-50-master/audio/2-39443-B-19.wav']","['car_horn', 'thunderstorm']"
80,Which sound event occurs first?,TREA_dataset/order/audios/80.wav,Car horn,"Door, wood creaks",Crow,rooster,D,"['ESC-50-master/audio/2-96460-A-1.wav', 'ESC-50-master/audio/4-250869-B-2.wav']","['rooster', 'pig']"
81,Which sound event occurs fourth?,TREA_dataset/order/audios/81.wav,Chainsaw,Fireworks,Crying baby,laughing,D,"['ESC-50-master/audio/5-253094-D-49.wav', 'ESC-50-master/audio/2-32834-A-4.wav', 'ESC-50-master/audio/4-188191-A-29.wav', 'ESC-50-master/audio/4-181599-A-26.wav']","['hand_saw', 'frog', 'drinking_sipping', 'laughing']"
82,Which sound event occurs third?,TREA_dataset/order/audios/82.wav,Insects (flying),"Door, wood creaks",chainsaw,Footsteps,C,"['ESC-50-master/audio/1-12653-A-15.wav', 'ESC-50-master/audio/1-96950-A-9.wav', 'ESC-50-master/audio/4-157611-B-41.wav']","['water_drops', 'crow', 'chainsaw']"
83,Which sound event occurs second?,TREA_dataset/order/audios/83.wav,Crying baby,"Door, wood creaks",Helicopter,engine,D,"['ESC-50-master/audio/5-200461-B-11.wav', 'ESC-50-master/audio/4-186962-A-44.wav']","['sea_waves', 'engine']"
84,Which sound event occurs second?,TREA_dataset/order/audios/84.wav,Washing machine,water_drops,Pig,Frog,B,"['ESC-50-master/audio/1-49098-A-35.wav', 'ESC-50-master/audio/4-212604-A-15.wav']","['washing_machine', 'water_drops']"
85,Which sound event occurs first?,TREA_dataset/order/audios/85.wav,Mouse click,Hand saw,drinking_sipping,Clock alarm,C,"['ESC-50-master/audio/5-207836-A-29.wav', 'ESC-50-master/audio/5-133989-A-42.wav']","['drinking_sipping', 'siren']"
86,Which sound event occurs fourth?,TREA_dataset/order/audios/86.wav,Snoring,glass_breaking,Airplane,Chirping birds,B,"['ESC-50-master/audio/5-151085-A-20.wav', 'ESC-50-master/audio/4-119647-D-48.wav', 'ESC-50-master/audio/5-235874-A-28.wav', 'ESC-50-master/audio/4-204777-A-39.wav']","['crying_baby', 'fireworks', 'snoring', 'glass_breaking']"
87,Which sound event occurs second?,TREA_dataset/order/audios/87.wav,Hen,Car horn,Crying baby,door_wood_knock,D,"['ESC-50-master/audio/4-161105-A-47.wav', 'ESC-50-master/audio/3-144510-A-30.wav']","['airplane', 'door_wood_knock']"
88,Which sound event occurs second?,TREA_dataset/order/audios/88.wav,pouring_water,Siren,Crying baby,Clock alarm,A,"['ESC-50-master/audio/5-177957-B-40.wav', 'ESC-50-master/audio/4-187504-B-17.wav']","['helicopter', 'pouring_water']"
89,Which sound event occurs after snoring sound?,TREA_dataset/order/audios/89.wav,frog,Thunderstorm,Breathing,Siren,A,"['ESC-50-master/audio/3-164592-A-15.wav', 'ESC-50-master/audio/2-126433-A-17.wav', 'ESC-50-master/audio/3-124795-A-28.wav', 'ESC-50-master/audio/3-71964-B-4.wav']","['water_drops', 'pouring_water', 'snoring', 'frog']"
90,Which sound event occurs third?,TREA_dataset/order/audios/90.wav,sheep,Siren,Door knock,Chainsaw,A,"['ESC-50-master/audio/2-144031-A-34.wav', 'ESC-50-master/audio/2-83934-A-5.wav', 'ESC-50-master/audio/4-188703-A-8.wav']","['can_opening', 'cat', 'sheep']"
91,Which sound event occurs second?,TREA_dataset/order/audios/91.wav,Thunderstorm,Fireworks,train,Church bells,C,"['ESC-50-master/audio/4-145081-A-9.wav', 'ESC-50-master/audio/4-165791-B-45.wav', 'ESC-50-master/audio/3-162786-A-13.wav', 'ESC-50-master/audio/5-156026-C-4.wav']","['crow', 'train', 'crickets', 'frog']"
92,Which sound event occurs first?,TREA_dataset/order/audios/92.wav,Cat,Wind,Crackling fire,laughing,D,"['ESC-50-master/audio/4-132816-A-26.wav', 'ESC-50-master/audio/4-174860-A-3.wav', 'ESC-50-master/audio/5-216213-A-13.wav']","['laughing', 'cow', 'crickets']"
93,Which sound event occurs fourth?,TREA_dataset/order/audios/93.wav,coughing,Snoring,Church bells,Laughing,A,"['ESC-50-master/audio/4-183487-A-1.wav', 'ESC-50-master/audio/1-115545-A-48.wav', 'ESC-50-master/audio/3-159347-B-36.wav', 'ESC-50-master/audio/3-145487-A-24.wav']","['rooster', 'fireworks', 'vacuum_cleaner', 'coughing']"
94,Which sound event occurs second?,TREA_dataset/order/audios/94.wav,Laughing,Crow,Rain,can_opening,D,"['ESC-50-master/audio/5-242932-B-26.wav', 'ESC-50-master/audio/5-252248-A-34.wav', 'ESC-50-master/audio/2-96654-A-47.wav']","['laughing', 'can_opening', 'airplane']"
95,Which sound event occurs third?,TREA_dataset/order/audios/95.wav,Chainsaw,brushing_teeth,Thunderstorm,Insects (flying),B,"['ESC-50-master/audio/4-223127-A-14.wav', 'ESC-50-master/audio/1-50625-A-17.wav', 'ESC-50-master/audio/4-144468-A-27.wav']","['chirping_birds', 'pouring_water', 'brushing_teeth']"
96,Which sound event occurs after car_horn sound?,TREA_dataset/order/audios/96.wav,Keyboard typing,Hand saw,footsteps,Rain,C,"['ESC-50-master/audio/2-70052-A-42.wav', 'ESC-50-master/audio/4-176638-A-43.wav', 'ESC-50-master/audio/2-209471-A-25.wav']","['siren', 'car_horn', 'footsteps']"
97,Which sound event occurs first?,TREA_dataset/order/audios/97.wav,Wind,Cat,can_opening,Sea waves,C,"['ESC-50-master/audio/5-244933-A-34.wav', 'ESC-50-master/audio/1-27724-A-1.wav', 'ESC-50-master/audio/1-155858-F-25.wav', 'ESC-50-master/audio/4-189332-A-37.wav']","['can_opening', 'rooster', 'footsteps', 'clock_alarm']"
98,Which sound event occurs first?,TREA_dataset/order/audios/98.wav,Clock tick,drinking_sipping,Laughing,Clapping,B,"['ESC-50-master/audio/1-56270-A-29.wav', 'ESC-50-master/audio/3-144827-A-11.wav']","['drinking_sipping', 'sea_waves']"
99,Which sound event occurs third?,TREA_dataset/order/audios/99.wav,Mouse click,Hen,Airplane,drinking_sipping,D,"['ESC-50-master/audio/3-152007-B-20.wav', 'ESC-50-master/audio/3-162786-A-13.wav', 'ESC-50-master/audio/4-188191-A-29.wav']","['crying_baby', 'crickets', 'drinking_sipping']"
100,Which sound event occurs second?,TREA_dataset/order/audios/100.wav,Fireworks,laughing,Vacuum cleaner,Clock tick,B,"['ESC-50-master/audio/1-160563-B-48.wav', 'ESC-50-master/audio/4-167571-A-26.wav', 'ESC-50-master/audio/1-29532-A-16.wav']","['fireworks', 'laughing', 'wind']"
101,Which sound event occurs first?,TREA_dataset/order/audios/101.wav,Door knock,Wind,can_opening,"Door, wood creaks",C,"['ESC-50-master/audio/1-60676-A-34.wav', 'ESC-50-master/audio/1-58277-A-3.wav', 'ESC-50-master/audio/1-104089-B-22.wav', 'ESC-50-master/audio/2-72547-D-14.wav']","['can_opening', 'cow', 'clapping', 'chirping_birds']"
102,Which sound event occurs second?,TREA_dataset/order/audios/102.wav,Sneezing,Siren,Wind,glass_breaking,D,"['ESC-50-master/audio/2-65750-A-1.wav', 'ESC-50-master/audio/2-250710-A-39.wav']","['rooster', 'glass_breaking']"
103,Which sound event occurs second?,TREA_dataset/order/audios/103.wav,Washing machine,Dog,Vacuum cleaner,siren,D,"['ESC-50-master/audio/1-82817-A-30.wav', 'ESC-50-master/audio/5-133989-B-42.wav']","['door_wood_knock', 'siren']"
104,Which sound event occurs after drinking_sipping sound?,TREA_dataset/order/audios/104.wav,engine,Crow,Sneezing,Airplane,A,"['ESC-50-master/audio/3-133977-A-29.wav', 'ESC-50-master/audio/3-259622-A-44.wav']","['drinking_sipping', 'engine']"
105,Which sound event occurs second?,TREA_dataset/order/audios/105.wav,Rooster,Clapping,airplane,Water drops,C,"['ESC-50-master/audio/1-62850-A-38.wav', 'ESC-50-master/audio/2-160888-A-47.wav']","['clock_tick', 'airplane']"
106,Which sound event occurs after hen sound?,TREA_dataset/order/audios/106.wav,Pouring water,Hen,Clock tick,clock_alarm,D,"['ESC-50-master/audio/3-171281-A-6.wav', 'ESC-50-master/audio/5-223176-A-37.wav', 'ESC-50-master/audio/4-164021-A-1.wav']","['hen', 'clock_alarm', 'rooster']"
107,Which sound event occurs first?,TREA_dataset/order/audios/107.wav,"Door, wood creaks",train,Clapping,Helicopter,B,"['ESC-50-master/audio/5-198600-A-45.wav', 'ESC-50-master/audio/2-65747-A-12.wav', 'ESC-50-master/audio/1-31836-A-4.wav']","['train', 'crackling_fire', 'frog']"
108,Which sound event occurs first?,TREA_dataset/order/audios/108.wav,Airplane,hand_saw,Frog,Mouse click,B,"['ESC-50-master/audio/1-9887-B-49.wav', 'ESC-50-master/audio/5-156999-E-19.wav', 'ESC-50-master/audio/1-24074-A-43.wav', 'ESC-50-master/audio/3-171012-A-38.wav']","['hand_saw', 'thunderstorm', 'car_horn', 'clock_tick']"
109,Which sound event occurs fourth?,TREA_dataset/order/audios/109.wav,Siren,frog,Footsteps,Thunderstorm,B,"['ESC-50-master/audio/5-147297-A-27.wav', 'ESC-50-master/audio/3-58772-A-42.wav', 'ESC-50-master/audio/1-18631-A-23.wav', 'ESC-50-master/audio/4-99193-A-4.wav']","['brushing_teeth', 'siren', 'breathing', 'frog']"
110,Which sound event occurs third?,TREA_dataset/order/audios/110.wav,breathing,Keyboard typing,Chainsaw,Thunderstorm,A,"['ESC-50-master/audio/4-234879-A-6.wav', 'ESC-50-master/audio/2-82071-A-27.wav', 'ESC-50-master/audio/4-205526-A-23.wav']","['hen', 'brushing_teeth', 'breathing']"
111,Which sound event occurs first?,TREA_dataset/order/audios/111.wav,Thunderstorm,church_bells,Crying baby,Chirping birds,B,"['ESC-50-master/audio/3-111102-B-46.wav', 'ESC-50-master/audio/5-191497-A-33.wav']","['church_bells', 'door_wood_creaks']"
112,Which sound event occurs third?,TREA_dataset/order/audios/112.wav,Wind,Coughing,Sheep,drinking_sipping,D,"['ESC-50-master/audio/5-253101-A-49.wav', 'ESC-50-master/audio/3-151089-A-30.wav', 'ESC-50-master/audio/3-145387-A-29.wav', 'ESC-50-master/audio/2-96904-A-27.wav']","['hand_saw', 'door_wood_knock', 'drinking_sipping', 'brushing_teeth']"
113,Which sound event occurs second?,TREA_dataset/order/audios/113.wav,Thunderstorm,snoring,Crying baby,Clock alarm,B,"['ESC-50-master/audio/2-126433-A-17.wav', 'ESC-50-master/audio/4-191297-A-28.wav']","['pouring_water', 'snoring']"
114,Which sound event occurs second?,TREA_dataset/order/audios/114.wav,siren,Pig,Dog,Engine,A,"['ESC-50-master/audio/1-84536-A-39.wav', 'ESC-50-master/audio/4-90014-B-42.wav', 'ESC-50-master/audio/3-146873-A-24.wav', 'ESC-50-master/audio/2-128631-A-21.wav']","['glass_breaking', 'siren', 'coughing', 'sneezing']"
115,Which sound event occurs second?,TREA_dataset/order/audios/115.wav,Brushing teeth,clapping,Clock tick,Coughing,B,"['ESC-50-master/audio/3-162786-A-13.wav', 'ESC-50-master/audio/3-138114-A-22.wav', 'ESC-50-master/audio/5-217186-B-16.wav']","['crickets', 'clapping', 'wind']"
116,Which sound event occurs third?,TREA_dataset/order/audios/116.wav,dog,Water drops,Rooster,Can opening,A,"['ESC-50-master/audio/2-102414-E-17.wav', 'ESC-50-master/audio/1-32373-A-35.wav', 'ESC-50-master/audio/2-122104-B-0.wav', 'ESC-50-master/audio/4-107122-A-33.wav']","['pouring_water', 'washing_machine', 'dog', 'door_wood_creaks']"
117,Which sound event occurs second?,TREA_dataset/order/audios/117.wav,Sea waves,Breathing,Glass breaking,fireworks,D,"['ESC-50-master/audio/4-218199-G-35.wav', 'ESC-50-master/audio/4-119648-D-48.wav', 'ESC-50-master/audio/4-197871-A-15.wav']","['washing_machine', 'fireworks', 'water_drops']"
118,Which sound event occurs after cat sound?,TREA_dataset/order/audios/118.wav,toilet_flush,Door knock,Laughing,"Door, wood creaks",A,"['ESC-50-master/audio/2-83934-A-5.wav', 'ESC-50-master/audio/4-123680-A-18.wav']","['cat', 'toilet_flush']"
119,Which sound event occurs third?,TREA_dataset/order/audios/119.wav,Snoring,siren,Cow,Train,B,"['ESC-50-master/audio/3-166326-A-15.wav', 'ESC-50-master/audio/4-165813-A-19.wav', 'ESC-50-master/audio/5-133989-A-42.wav', 'ESC-50-master/audio/5-211408-A-37.wav']","['water_drops', 'thunderstorm', 'siren', 'clock_alarm']"
120,Which sound event occurs after brushing_teeth sound?,TREA_dataset/order/audios/120.wav,airplane,Dog,Car horn,Frog,A,"['ESC-50-master/audio/3-126391-A-27.wav', 'ESC-50-master/audio/3-143562-A-47.wav', 'ESC-50-master/audio/4-218199-F-35.wav']","['brushing_teeth', 'airplane', 'washing_machine']"
121,Which sound event occurs second?,TREA_dataset/order/audios/121.wav,wind,Crickets,Clock tick,Laughing,A,"['ESC-50-master/audio/1-24524-C-19.wav', 'ESC-50-master/audio/2-109371-C-16.wav', 'ESC-50-master/audio/3-155584-A-14.wav']","['thunderstorm', 'wind', 'chirping_birds']"
122,Which sound event occurs after airplane sound?,TREA_dataset/order/audios/122.wav,Sea waves,can_opening,Fireworks,Sheep,B,"['ESC-50-master/audio/2-74361-A-47.wav', 'ESC-50-master/audio/2-83667-A-34.wav']","['airplane', 'can_opening']"
123,Which sound event occurs second?,TREA_dataset/order/audios/123.wav,"Drinking, sipping",Can opening,Hand saw,door_wood_knock,D,"['ESC-50-master/audio/3-115387-B-47.wav', 'ESC-50-master/audio/5-251426-A-30.wav']","['airplane', 'door_wood_knock']"
124,Which sound event occurs third?,TREA_dataset/order/audios/124.wav,Cow,hen,Vacuum cleaner,Sneezing,B,"['ESC-50-master/audio/3-150363-A-38.wav', 'ESC-50-master/audio/2-84943-A-18.wav', 'ESC-50-master/audio/3-188390-A-6.wav', 'ESC-50-master/audio/2-28314-B-12.wav']","['clock_tick', 'toilet_flush', 'hen', 'crackling_fire']"
125,Which sound event occurs after train sound?,TREA_dataset/order/audios/125.wav,Footsteps,can_opening,Pig,Helicopter,B,"['ESC-50-master/audio/2-114280-A-0.wav', 'ESC-50-master/audio/3-135650-B-45.wav', 'ESC-50-master/audio/1-43764-A-34.wav']","['dog', 'train', 'can_opening']"
126,Which sound event occurs second?,TREA_dataset/order/audios/126.wav,Coughing,Vacuum cleaner,Clapping,toilet_flush,D,"['ESC-50-master/audio/2-102567-A-35.wav', 'ESC-50-master/audio/4-152958-A-18.wav']","['washing_machine', 'toilet_flush']"
127,Which sound event occurs second?,TREA_dataset/order/audios/127.wav,Siren,vacuum_cleaner,Washing machine,Breathing,B,"['ESC-50-master/audio/3-155312-A-0.wav', 'ESC-50-master/audio/4-181999-A-36.wav']","['dog', 'vacuum_cleaner']"
128,Which sound event occurs first?,TREA_dataset/order/audios/128.wav,Laughing,Dog,snoring,Clock tick,C,"['ESC-50-master/audio/1-39937-A-28.wav', 'ESC-50-master/audio/3-141684-A-21.wav', 'ESC-50-master/audio/4-195497-B-11.wav']","['snoring', 'sneezing', 'sea_waves']"
129,Which sound event occurs second?,TREA_dataset/order/audios/129.wav,Rain,footsteps,Cat,Crow,B,"['ESC-50-master/audio/4-99644-D-4.wav', 'ESC-50-master/audio/1-155858-E-25.wav']","['frog', 'footsteps']"
130,Which sound event occurs third?,TREA_dataset/order/audios/130.wav,cow,Crackling fire,Engine,Car horn,A,"['ESC-50-master/audio/2-188822-B-40.wav', 'ESC-50-master/audio/5-179868-A-43.wav', 'ESC-50-master/audio/3-126358-B-3.wav', 'ESC-50-master/audio/1-75162-A-9.wav']","['helicopter', 'car_horn', 'cow', 'crow']"
131,Which sound event occurs second?,TREA_dataset/order/audios/131.wav,Mouse click,Toilet flush,washing_machine,Door knock,C,"['ESC-50-master/audio/4-143118-A-7.wav', 'ESC-50-master/audio/5-245040-A-35.wav']","['insects', 'washing_machine']"
132,Which sound event occurs second?,TREA_dataset/order/audios/132.wav,Crying baby,Snoring,Crow,chirping_birds,D,"['ESC-50-master/audio/4-204115-A-39.wav', 'ESC-50-master/audio/4-187769-B-14.wav', 'ESC-50-master/audio/4-198360-B-49.wav', 'ESC-50-master/audio/3-103401-B-33.wav']","['glass_breaking', 'chirping_birds', 'hand_saw', 'door_wood_creaks']"
133,Which sound event occurs fourth?,TREA_dataset/order/audios/133.wav,Mouse click,glass_breaking,Airplane,Church bells,B,"['ESC-50-master/audio/1-58923-A-27.wav', 'ESC-50-master/audio/5-195557-A-19.wav', 'ESC-50-master/audio/1-60460-A-36.wav', 'ESC-50-master/audio/2-173607-A-39.wav']","['brushing_teeth', 'thunderstorm', 'vacuum_cleaner', 'glass_breaking']"
134,Which sound event occurs first?,TREA_dataset/order/audios/134.wav,Clock alarm,Church bells,crickets,Breathing,C,"['ESC-50-master/audio/2-125821-A-13.wav', 'ESC-50-master/audio/2-205966-A-16.wav', 'ESC-50-master/audio/2-70052-B-42.wav', 'ESC-50-master/audio/5-177614-A-5.wav']","['crickets', 'wind', 'siren', 'cat']"
135,Which sound event occurs after rain sound?,TREA_dataset/order/audios/135.wav,Footsteps,Rain,dog,Clock tick,C,"['ESC-50-master/audio/4-163264-A-10.wav', 'ESC-50-master/audio/4-192236-A-0.wav']","['rain', 'dog']"
136,Which sound event occurs first?,TREA_dataset/order/audios/136.wav,Insects (flying),Helicopter,clock_tick,Pouring water,C,"['ESC-50-master/audio/2-141584-A-38.wav', 'ESC-50-master/audio/3-152594-A-30.wav', 'ESC-50-master/audio/3-108791-A-18.wav', 'ESC-50-master/audio/4-250869-A-2.wav']","['clock_tick', 'door_wood_knock', 'toilet_flush', 'pig']"
137,Which sound event occurs second?,TREA_dataset/order/audios/137.wav,Crackling fire,chirping_birds,Dog,Airplane,B,"['ESC-50-master/audio/3-145577-A-43.wav', 'ESC-50-master/audio/5-243459-A-14.wav']","['car_horn', 'chirping_birds']"
138,Which sound event occurs third?,TREA_dataset/order/audios/138.wav,insects,Helicopter,Clock alarm,Car horn,A,"['ESC-50-master/audio/2-61311-A-12.wav', 'ESC-50-master/audio/2-82071-A-27.wav', 'ESC-50-master/audio/3-104761-B-7.wav', 'ESC-50-master/audio/2-144031-A-34.wav']","['crackling_fire', 'brushing_teeth', 'insects', 'can_opening']"
139,Which sound event occurs second?,TREA_dataset/order/audios/139.wav,Church bells,Insects (flying),"Door, wood creaks",rain,D,"['ESC-50-master/audio/3-126358-B-3.wav', 'ESC-50-master/audio/5-202898-A-10.wav']","['cow', 'rain']"
140,Which sound event occurs third?,TREA_dataset/order/audios/140.wav,Vacuum cleaner,Keyboard typing,snoring,Siren,C,"['ESC-50-master/audio/4-172736-B-36.wav', 'ESC-50-master/audio/3-112356-A-18.wav', 'ESC-50-master/audio/4-183882-A-28.wav', 'ESC-50-master/audio/3-104761-B-7.wav']","['vacuum_cleaner', 'toilet_flush', 'snoring', 'insects']"
141,Which sound event occurs third?,TREA_dataset/order/audios/141.wav,Keyboard typing,snoring,Cat,Can opening,B,"['ESC-50-master/audio/5-252248-A-34.wav', 'ESC-50-master/audio/1-45645-A-31.wav', 'ESC-50-master/audio/4-184235-A-28.wav', 'ESC-50-master/audio/3-95695-A-5.wav']","['can_opening', 'mouse_click', 'snoring', 'cat']"
142,Which sound event occurs after wind sound?,TREA_dataset/order/audios/142.wav,Insects (flying),rooster,Rain,Water drops,B,"['ESC-50-master/audio/5-179496-B-16.wav', 'ESC-50-master/audio/5-233160-A-1.wav', 'ESC-50-master/audio/1-34094-B-5.wav', 'ESC-50-master/audio/3-155578-A-14.wav']","['wind', 'rooster', 'cat', 'chirping_birds']"
143,Which sound event occurs third?,TREA_dataset/order/audios/143.wav,sea_waves,Sneezing,Engine,Church bells,A,"['ESC-50-master/audio/5-103416-A-2.wav', 'ESC-50-master/audio/4-119648-A-48.wav', 'ESC-50-master/audio/3-144827-B-11.wav', 'ESC-50-master/audio/2-120218-A-30.wav']","['pig', 'fireworks', 'sea_waves', 'door_wood_knock']"
144,Which sound event occurs second?,TREA_dataset/order/audios/144.wav,Wind,Door knock,Dog,helicopter,D,"['ESC-50-master/audio/4-172500-C-27.wav', 'ESC-50-master/audio/3-68630-B-40.wav', 'ESC-50-master/audio/4-201300-A-31.wav', 'ESC-50-master/audio/3-95695-B-5.wav']","['brushing_teeth', 'helicopter', 'mouse_click', 'cat']"
145,Which sound event occurs third?,TREA_dataset/order/audios/145.wav,"Drinking, sipping",rain,Pig,Hand saw,B,"['ESC-50-master/audio/3-58772-A-42.wav', 'ESC-50-master/audio/4-200330-B-6.wav', 'ESC-50-master/audio/4-181286-A-10.wav']","['siren', 'hen', 'rain']"
146,Which sound event occurs second?,TREA_dataset/order/audios/146.wav,footsteps,"Drinking, sipping",Mouse click,Crow,A,"['ESC-50-master/audio/5-133989-A-42.wav', 'ESC-50-master/audio/1-155858-C-25.wav', 'ESC-50-master/audio/4-119648-B-48.wav']","['siren', 'footsteps', 'fireworks']"
147,Which sound event occurs second?,TREA_dataset/order/audios/147.wav,Sea waves,Crickets,wind,"Door, wood creaks",C,"['ESC-50-master/audio/3-152007-B-20.wav', 'ESC-50-master/audio/1-69760-A-16.wav']","['crying_baby', 'wind']"
148,Which sound event occurs second?,TREA_dataset/order/audios/148.wav,dog,Door knock,Mouse click,Pouring water,A,"['ESC-50-master/audio/5-216131-A-32.wav', 'ESC-50-master/audio/4-194754-A-0.wav', 'ESC-50-master/audio/4-111671-B-42.wav']","['keyboard_typing', 'dog', 'siren']"
149,Which sound event occurs first?,TREA_dataset/order/audios/149.wav,Cow,crackling_fire,Hen,Clock alarm,B,"['ESC-50-master/audio/3-65748-A-12.wav', 'ESC-50-master/audio/5-191497-A-33.wav']","['crackling_fire', 'door_wood_creaks']"
150,Which sound event occurs second?,TREA_dataset/order/audios/150.wav,Wind,snoring,Rain,Sneezing,B,"['ESC-50-master/audio/1-172649-D-40.wav', 'ESC-50-master/audio/2-52001-A-28.wav', 'ESC-50-master/audio/3-119120-B-48.wav']","['helicopter', 'snoring', 'fireworks']"
151,Which sound event occurs after snoring sound?,TREA_dataset/order/audios/151.wav,Airplane,engine,Can opening,Church bells,B,"['ESC-50-master/audio/4-250864-A-8.wav', 'ESC-50-master/audio/1-56269-A-18.wav', 'ESC-50-master/audio/1-27403-A-28.wav', 'ESC-50-master/audio/5-243773-B-44.wav']","['sheep', 'toilet_flush', 'snoring', 'engine']"
152,Which sound event occurs after train sound?,TREA_dataset/order/audios/152.wav,rain,Siren,Crying baby,Crickets,A,"['ESC-50-master/audio/3-138212-A-45.wav', 'ESC-50-master/audio/5-194892-A-10.wav']","['train', 'rain']"
153,Which sound event occurs second?,TREA_dataset/order/audios/153.wav,Frog,Vacuum cleaner,Helicopter,laughing,D,"['ESC-50-master/audio/1-32373-A-35.wav', 'ESC-50-master/audio/2-79769-A-26.wav']","['washing_machine', 'laughing']"
154,Which sound event occurs after drinking_sipping sound?,TREA_dataset/order/audios/154.wav,Coughing,"Door, wood creaks",insects,Frog,C,"['ESC-50-master/audio/2-102581-B-29.wav', 'ESC-50-master/audio/4-191246-B-7.wav']","['drinking_sipping', 'insects']"
155,Which sound event occurs fourth?,TREA_dataset/order/audios/155.wav,Clapping,pouring_water,Footsteps,Pouring water,B,"['ESC-50-master/audio/4-126046-A-18.wav', 'ESC-50-master/audio/4-181708-A-32.wav', 'ESC-50-master/audio/4-168446-A-45.wav', 'ESC-50-master/audio/2-126433-A-17.wav']","['toilet_flush', 'keyboard_typing', 'train', 'pouring_water']"
156,Which sound event occurs second?,TREA_dataset/order/audios/156.wav,"Drinking, sipping",Water drops,Sneezing,crow,D,"['ESC-50-master/audio/2-102568-A-35.wav', 'ESC-50-master/audio/5-242711-A-9.wav', 'ESC-50-master/audio/5-178997-A-24.wav']","['washing_machine', 'crow', 'coughing']"
157,Which sound event occurs second?,TREA_dataset/order/audios/157.wav,Brushing teeth,Laughing,frog,Washing machine,C,"['ESC-50-master/audio/4-188703-C-8.wav', 'ESC-50-master/audio/3-71964-B-4.wav', 'ESC-50-master/audio/5-205589-A-17.wav', 'ESC-50-master/audio/3-102583-B-49.wav']","['sheep', 'frog', 'pouring_water', 'hand_saw']"
158,Which sound event occurs after toilet_flush sound?,TREA_dataset/order/audios/158.wav,Dog,Laughing,church_bells,Mouse click,C,"['ESC-50-master/audio/3-112356-A-18.wav', 'ESC-50-master/audio/5-201172-A-46.wav']","['toilet_flush', 'church_bells']"
159,Which sound event occurs third?,TREA_dataset/order/audios/159.wav,Clock alarm,Laughing,crow,Crow,C,"['ESC-50-master/audio/5-117122-A-42.wav', 'ESC-50-master/audio/4-204683-A-31.wav', 'ESC-50-master/audio/3-127890-C-9.wav', 'ESC-50-master/audio/3-151255-A-28.wav']","['siren', 'mouse_click', 'crow', 'snoring']"
160,Which sound event occurs first?,TREA_dataset/order/audios/160.wav,Crow,fireworks,Rain,"Door, wood creaks",B,"['ESC-50-master/audio/3-119120-E-48.wav', 'ESC-50-master/audio/2-83667-A-34.wav', 'ESC-50-master/audio/2-98676-A-24.wav', 'ESC-50-master/audio/5-207836-D-29.wav']","['fireworks', 'can_opening', 'coughing', 'drinking_sipping']"
161,Which sound event occurs third?,TREA_dataset/order/audios/161.wav,laughing,Breathing,Laughing,Crying baby,A,"['ESC-50-master/audio/1-34497-A-14.wav', 'ESC-50-master/audio/3-96606-A-49.wav', 'ESC-50-master/audio/4-167571-A-26.wav']","['chirping_birds', 'hand_saw', 'laughing']"
162,Which sound event occurs third?,TREA_dataset/order/audios/162.wav,Washing machine,Door knock,chainsaw,Toilet flush,C,"['ESC-50-master/audio/4-177835-A-24.wav', 'ESC-50-master/audio/1-54084-A-42.wav', 'ESC-50-master/audio/2-50667-A-41.wav', 'ESC-50-master/audio/5-213836-A-9.wav']","['coughing', 'siren', 'chainsaw', 'crow']"
163,Which sound event occurs fourth?,TREA_dataset/order/audios/163.wav,Chainsaw,Fireworks,Crying baby,door_wood_creaks,D,"['ESC-50-master/audio/4-184434-A-21.wav', 'ESC-50-master/audio/1-18074-A-6.wav', 'ESC-50-master/audio/2-110417-B-28.wav', 'ESC-50-master/audio/4-107122-A-33.wav']","['sneezing', 'hen', 'snoring', 'door_wood_creaks']"
164,Which sound event occurs first?,TREA_dataset/order/audios/164.wav,Crow,Sneezing,crow,Pouring water,C,"['ESC-50-master/audio/3-127890-B-9.wav', 'ESC-50-master/audio/5-237499-A-4.wav', 'ESC-50-master/audio/4-182039-A-30.wav', 'ESC-50-master/audio/1-51036-A-16.wav']","['crow', 'frog', 'door_wood_knock', 'wind']"
165,Which sound event occurs third?,TREA_dataset/order/audios/165.wav,Car horn,Toilet flush,Water drops,coughing,D,"['ESC-50-master/audio/3-155234-A-43.wav', 'ESC-50-master/audio/4-264453-A-34.wav', 'ESC-50-master/audio/5-204604-A-24.wav']","['car_horn', 'can_opening', 'coughing']"
166,Which sound event occurs second?,TREA_dataset/order/audios/166.wav,Helicopter,Crackling fire,frog,Clock tick,C,"['ESC-50-master/audio/2-250710-A-39.wav', 'ESC-50-master/audio/3-70962-B-4.wav']","['glass_breaking', 'frog']"
167,Which sound event occurs after airplane sound?,TREA_dataset/order/audios/167.wav,Water drops,cat,Brushing teeth,Laughing,B,"['ESC-50-master/audio/4-161103-A-47.wav', 'ESC-50-master/audio/1-56380-B-5.wav']","['airplane', 'cat']"
168,Which sound event occurs first?,TREA_dataset/order/audios/168.wav,Pouring water,Sheep,train,Crying baby,C,"['ESC-50-master/audio/3-138212-A-45.wav', 'ESC-50-master/audio/1-18074-B-6.wav', 'ESC-50-master/audio/1-27405-A-28.wav', 'ESC-50-master/audio/3-143929-A-10.wav']","['train', 'hen', 'snoring', 'rain']"
169,Which sound event occurs second?,TREA_dataset/order/audios/169.wav,Laughing,clapping,Train,Door knock,B,"['ESC-50-master/audio/3-98771-A-18.wav', 'ESC-50-master/audio/4-189832-B-22.wav']","['toilet_flush', 'clapping']"
170,Which sound event occurs first?,TREA_dataset/order/audios/170.wav,Helicopter,water_drops,Sneezing,Chainsaw,B,"['ESC-50-master/audio/4-188293-A-15.wav', 'ESC-50-master/audio/5-181458-A-33.wav']","['water_drops', 'door_wood_creaks']"
171,Which sound event occurs first?,TREA_dataset/order/audios/171.wav,Water drops,sea_waves,Church bells,Pouring water,B,"['ESC-50-master/audio/4-167063-A-11.wav', 'ESC-50-master/audio/5-203739-A-10.wav', 'ESC-50-master/audio/2-83934-B-5.wav', 'ESC-50-master/audio/4-212698-A-39.wav']","['sea_waves', 'rain', 'cat', 'glass_breaking']"
172,Which sound event occurs second?,TREA_dataset/order/audios/172.wav,"Door, wood creaks",chirping_birds,Coughing,Water drops,B,"['ESC-50-master/audio/3-112397-A-9.wav', 'ESC-50-master/audio/4-216211-A-14.wav', 'ESC-50-master/audio/3-133977-A-29.wav', 'ESC-50-master/audio/1-172649-A-40.wav']","['crow', 'chirping_birds', 'drinking_sipping', 'helicopter']"
173,Which sound event occurs first?,TREA_dataset/order/audios/173.wav,Door knock,Chirping birds,Brushing teeth,toilet_flush,D,"['ESC-50-master/audio/2-67422-A-18.wav', 'ESC-50-master/audio/1-254507-A-43.wav', 'ESC-50-master/audio/4-212728-A-34.wav']","['toilet_flush', 'car_horn', 'can_opening']"
174,Which sound event occurs third?,TREA_dataset/order/audios/174.wav,helicopter,Brushing teeth,Coughing,Crickets,A,"['ESC-50-master/audio/4-189332-A-37.wav', 'ESC-50-master/audio/3-103050-A-19.wav', 'ESC-50-master/audio/4-175000-C-40.wav']","['clock_alarm', 'thunderstorm', 'helicopter']"
175,Which sound event occurs second?,TREA_dataset/order/audios/175.wav,Crackling fire,Breathing,coughing,Wind,C,"['ESC-50-master/audio/1-46272-A-12.wav', 'ESC-50-master/audio/2-98676-A-24.wav', 'ESC-50-master/audio/4-182034-A-30.wav']","['crackling_fire', 'coughing', 'door_wood_knock']"
176,Which sound event occurs after vacuum_cleaner sound?,TREA_dataset/order/audios/176.wav,Breathing,Fireworks,Snoring,toilet_flush,D,"['ESC-50-master/audio/3-149465-A-22.wav', 'ESC-50-master/audio/1-100210-B-36.wav', 'ESC-50-master/audio/4-123680-A-18.wav', 'ESC-50-master/audio/3-119455-A-44.wav']","['clapping', 'vacuum_cleaner', 'toilet_flush', 'engine']"
177,Which sound event occurs second?,TREA_dataset/order/audios/177.wav,car_horn,"Door, wood creaks",Toilet flush,Clapping,A,"['ESC-50-master/audio/1-19872-A-36.wav', 'ESC-50-master/audio/5-180156-B-43.wav']","['vacuum_cleaner', 'car_horn']"
178,Which sound event occurs first?,TREA_dataset/order/audios/178.wav,Door knock,mouse_click,Rain,Footsteps,B,"['ESC-50-master/audio/5-238926-A-31.wav', 'ESC-50-master/audio/3-93010-A-18.wav', 'ESC-50-master/audio/2-60180-B-49.wav', 'ESC-50-master/audio/2-72547-A-14.wav']","['mouse_click', 'toilet_flush', 'hand_saw', 'chirping_birds']"
179,Which sound event occurs fourth?,TREA_dataset/order/audios/179.wav,Airplane,church_bells,Washing machine,Car horn,B,"['ESC-50-master/audio/2-104952-A-16.wav', 'ESC-50-master/audio/1-26177-A-43.wav', 'ESC-50-master/audio/1-115545-C-48.wav', 'ESC-50-master/audio/3-139109-A-46.wav']","['wind', 'car_horn', 'fireworks', 'church_bells']"
180,Which sound event occurs after clock_alarm sound?,TREA_dataset/order/audios/180.wav,Sheep,Train,breathing,Footsteps,C,"['ESC-50-master/audio/2-158746-A-2.wav', 'ESC-50-master/audio/1-72195-B-37.wav', 'ESC-50-master/audio/3-112557-B-23.wav']","['pig', 'clock_alarm', 'breathing']"
181,Which sound event occurs second?,TREA_dataset/order/audios/181.wav,laughing,Cow,Church bells,Snoring,A,"['ESC-50-master/audio/2-78781-A-47.wav', 'ESC-50-master/audio/2-109759-A-26.wav', 'ESC-50-master/audio/5-208810-A-11.wav']","['airplane', 'laughing', 'sea_waves']"
182,Which sound event occurs third?,TREA_dataset/order/audios/182.wav,Helicopter,pouring_water,Brushing teeth,Mouse click,B,"['ESC-50-master/audio/2-70366-A-33.wav', 'ESC-50-master/audio/3-125548-A-32.wav', 'ESC-50-master/audio/4-187504-A-17.wav']","['door_wood_creaks', 'keyboard_typing', 'pouring_water']"
183,Which sound event occurs after airplane sound?,TREA_dataset/order/audios/183.wav,Sneezing,sneezing,Sea waves,Clock alarm,B,"['ESC-50-master/audio/4-161105-B-47.wav', 'ESC-50-master/audio/1-47274-A-21.wav', 'ESC-50-master/audio/2-81970-A-7.wav']","['airplane', 'sneezing', 'insects']"
184,Which sound event occurs second?,TREA_dataset/order/audios/184.wav,Glass breaking,Hand saw,church_bells,Airplane,C,"['ESC-50-master/audio/4-175846-A-43.wav', 'ESC-50-master/audio/5-198373-A-46.wav']","['car_horn', 'church_bells']"
185,Which sound event occurs second?,TREA_dataset/order/audios/185.wav,footsteps,Brushing teeth,Thunderstorm,Pig,A,"['ESC-50-master/audio/3-146964-A-5.wav', 'ESC-50-master/audio/5-243025-A-25.wav', 'ESC-50-master/audio/1-97392-A-0.wav']","['cat', 'footsteps', 'dog']"
186,Which sound event occurs second?,TREA_dataset/order/audios/186.wav,Hand saw,car_horn,Vacuum cleaner,Chirping birds,B,"['ESC-50-master/audio/3-108160-A-23.wav', 'ESC-50-master/audio/5-180156-A-43.wav', 'ESC-50-master/audio/4-161099-A-47.wav']","['breathing', 'car_horn', 'airplane']"
187,Which sound event occurs third?,TREA_dataset/order/audios/187.wav,Clapping,car_horn,Crying baby,Wind,B,"['ESC-50-master/audio/4-210000-A-23.wav', 'ESC-50-master/audio/1-18074-B-6.wav', 'ESC-50-master/audio/5-180156-C-43.wav', 'ESC-50-master/audio/5-243449-A-14.wav']","['breathing', 'hen', 'car_horn', 'chirping_birds']"
188,Which sound event occurs second?,TREA_dataset/order/audios/188.wav,Clapping,chirping_birds,Chirping birds,Hen,B,"['ESC-50-master/audio/1-85168-A-39.wav', 'ESC-50-master/audio/4-216211-A-14.wav', 'ESC-50-master/audio/3-118658-A-41.wav']","['glass_breaking', 'chirping_birds', 'chainsaw']"
189,Which sound event occurs fourth?,TREA_dataset/order/audios/189.wav,pig,Glass breaking,"Door, wood creaks",Dog,A,"['ESC-50-master/audio/1-30043-A-26.wav', 'ESC-50-master/audio/3-105236-A-7.wav', 'ESC-50-master/audio/4-250864-A-8.wav', 'ESC-50-master/audio/1-260640-C-2.wav']","['laughing', 'insects', 'sheep', 'pig']"
190,Which sound event occurs after water_drops sound?,TREA_dataset/order/audios/190.wav,Siren,can_opening,Clock alarm,Keyboard typing,B,"['ESC-50-master/audio/2-124564-A-15.wav', 'ESC-50-master/audio/4-175025-A-34.wav']","['water_drops', 'can_opening']"
191,Which sound event occurs second?,TREA_dataset/order/audios/191.wav,siren,Brushing teeth,Pouring water,Sheep,A,"['ESC-50-master/audio/5-233260-A-23.wav', 'ESC-50-master/audio/4-111671-B-42.wav', 'ESC-50-master/audio/5-251962-A-47.wav']","['breathing', 'siren', 'airplane']"
192,Which sound event occurs fourth?,TREA_dataset/order/audios/192.wav,Train,Rain,Crackling fire,chainsaw,D,"['ESC-50-master/audio/1-54747-A-46.wav', 'ESC-50-master/audio/4-188287-A-9.wav', 'ESC-50-master/audio/5-263775-B-26.wav', 'ESC-50-master/audio/4-157611-A-41.wav']","['church_bells', 'crow', 'laughing', 'chainsaw']"
193,Which sound event occurs third?,TREA_dataset/order/audios/193.wav,Toilet flush,Sheep,breathing,Helicopter,C,"['ESC-50-master/audio/2-166644-B-2.wav', 'ESC-50-master/audio/4-186940-A-44.wav', 'ESC-50-master/audio/4-205526-B-23.wav']","['pig', 'engine', 'breathing']"
194,Which sound event occurs second?,TREA_dataset/order/audios/194.wav,Insects (flying),Fireworks,Crickets,hen,D,"['ESC-50-master/audio/3-166125-B-23.wav', 'ESC-50-master/audio/5-244315-C-6.wav']","['breathing', 'hen']"
195,Which sound event occurs third?,TREA_dataset/order/audios/195.wav,Brushing teeth,Rain,Crying baby,footsteps,D,"['ESC-50-master/audio/2-76408-A-22.wav', 'ESC-50-master/audio/1-81269-A-3.wav', 'ESC-50-master/audio/4-198962-B-25.wav', 'ESC-50-master/audio/1-61221-A-17.wav']","['clapping', 'cow', 'footsteps', 'pouring_water']"
196,Which sound event occurs first?,TREA_dataset/order/audios/196.wav,"Drinking, sipping",crickets,Crickets,Siren,B,"['ESC-50-master/audio/1-57318-A-13.wav', 'ESC-50-master/audio/1-19898-C-41.wav', 'ESC-50-master/audio/3-68630-A-40.wav', 'ESC-50-master/audio/2-88724-A-38.wav']","['crickets', 'chainsaw', 'helicopter', 'clock_tick']"
197,Which sound event occurs after vacuum_cleaner sound?,TREA_dataset/order/audios/197.wav,Laughing,Brushing teeth,Cat,crickets,D,"['ESC-50-master/audio/1-19872-B-36.wav', 'ESC-50-master/audio/5-215172-A-13.wav']","['vacuum_cleaner', 'crickets']"
198,Which sound event occurs second?,TREA_dataset/order/audios/198.wav,Train,Crying baby,Laughing,crickets,D,"['ESC-50-master/audio/2-89516-A-37.wav', 'ESC-50-master/audio/3-162786-A-13.wav']","['clock_alarm', 'crickets']"
199,Which sound event occurs first?,TREA_dataset/order/audios/199.wav,clock_tick,Hand saw,Washing machine,Door knock,A,"['ESC-50-master/audio/3-143933-A-38.wav', 'ESC-50-master/audio/2-114587-A-0.wav']","['clock_tick', 'dog']"
