id,question,audio_path,optionA,optionB,optionC,optionD,correct
0,Which sound event occurs after rooster sound?,audios/0.wav,"Door, wood creaks",Mouse click,airplane,Fireworks,C
1,Which sound event occurs first?,audios/1.wav,"Drinking, sipping",Keyboard typing,Rooster,airplane,D
2,Which sound event occurs second?,audios/2.wav,Laughing,Brushing teeth,Crow,keyboard_typing,D
3,Which sound event occurs first?,audios/3.wav,Clapping,Sea waves,crackling_fire,"Door, wood creaks",C
4,Which sound event occurs second?,audios/4.wav,dog,Chainsaw,Toilet flush,Crying baby,A
5,Which sound event occurs second?,audios/5.wav,sneezing,Can opening,Cow,Glass breaking,A
6,Which sound event occurs second?,audios/6.wav,Clock alarm,clapping,Cow,Crickets,B
7,Which sound event occurs first?,audios/7.wav,"Drinking, sipping",insects,"Door, wood creaks",Breathing,B
8,Which sound event occurs second?,audios/8.wav,frog,Chainsaw,Vacuum cleaner,Siren,A
9,Which sound event occurs third?,audios/9.wav,Keyboard typing,hen,Clapping,Church bells,B
10,Which sound event occurs fourth?,audios/10.wav,Chirping birds,crickets,Pig,Snoring,B
11,Which sound event occurs third?,audios/11.wav,Airplane,Church bells,Crying baby,rain,D
12,Which sound event occurs first?,audios/12.wav,crying_baby,Snoring,Church bells,Frog,A
13,Which sound event occurs after crickets sound?,audios/13.wav,Insects (flying),vacuum_cleaner,Footsteps,Glass breaking,B
14,Which sound event occurs after mouse_click sound?,audios/14.wav,footsteps,Train,Insects (flying),Glass breaking,A
15,Which sound event occurs after washing_machine sound?,audios/15.wav,Coughing,Pig,Chirping birds,can_opening,D
16,Which sound event occurs after chirping_birds sound?,audios/16.wav,Water drops,Mouse click,sheep,Clock alarm,C
17,Which sound event occurs after crow sound?,audios/17.wav,Sneezing,Crickets,helicopter,Keyboard typing,C
18,Which sound event occurs third?,audios/18.wav,Brushing teeth,Washing machine,Helicopter,clock_tick,D
19,Which sound event occurs after insects sound?,audios/19.wav,Mouse click,Cow,car_horn,Crying baby,C
20,Which sound event occurs second?,audios/20.wav,drinking_sipping,"Drinking, sipping",Can opening,Rain,A
21,Which sound event occurs fourth?,audios/21.wav,Wind,Chirping birds,Thunderstorm,keyboard_typing,D
22,Which sound event occurs second?,audios/22.wav,Thunderstorm,Sneezing,Toilet flush,hand_saw,D
23,Which sound event occurs third?,audios/23.wav,Can opening,Crickets,rooster,Hand saw,C
24,Which sound event occurs after vacuum_cleaner sound?,audios/24.wav,Train,Airplane,Car horn,cat,D
25,Which sound event occurs first?,audios/25.wav,Helicopter,Breathing,Can opening,fireworks,D
26,Which sound event occurs first?,audios/26.wav,Snoring,Clapping,door_wood_knock,"Drinking, sipping",C
27,Which sound event occurs second?,audios/27.wav,Pig,Can opening,Coughing,church_bells,D
28,Which sound event occurs fourth?,audios/28.wav,Clock tick,Sheep,"Drinking, sipping",chirping_birds,D
29,Which sound event occurs after clock_alarm sound?,audios/29.wav,dog,Insects (flying),Brushing teeth,Breathing,A
30,Which sound event occurs third?,audios/30.wav,water_drops,Crying baby,Cow,Mouse click,A
31,Which sound event occurs after church_bells sound?,audios/31.wav,vacuum_cleaner,Wind,Thunderstorm,Helicopter,A
32,Which sound event occurs after hen sound?,audios/32.wav,Clock alarm,Hand saw,Chainsaw,siren,D
33,Which sound event occurs first?,audios/33.wav,Thunderstorm,laughing,Breathing,Footsteps,B
34,Which sound event occurs first?,audios/34.wav,church_bells,Mouse click,Hand saw,Chirping birds,A
35,Which sound event occurs first?,audios/35.wav,snoring,Train,Dog,Pig,A
36,Which sound event occurs after hen sound?,audios/36.wav,Hen,Sneezing,Rooster,cow,D
37,Which sound event occurs second?,audios/37.wav,Engine,Clock alarm,laughing,Breathing,C
38,Which sound event occurs second?,audios/38.wav,Helicopter,cow,Dog,Laughing,B
39,Which sound event occurs first?,audios/39.wav,Mouse click,coughing,Can opening,Engine,B
40,Which sound event occurs first?,audios/40.wav,engine,Can opening,Sea waves,Toilet flush,A
41,Which sound event occurs first?,audios/41.wav,Siren,Hen,Helicopter,crickets,D
42,Which sound event occurs after cow sound?,audios/42.wav,Car horn,Glass breaking,clock_alarm,Can opening,C
43,Which sound event occurs second?,audios/43.wav,Church bells,Coughing,cow,Engine,C
44,Which sound event occurs second?,audios/44.wav,Engine,footsteps,Footsteps,Sneezing,B
45,Which sound event occurs first?,audios/45.wav,Sneezing,cat,Footsteps,Crying baby,B
46,Which sound event occurs second?,audios/46.wav,Cat,Can opening,train,Vacuum cleaner,C
47,Which sound event occurs after footsteps sound?,audios/47.wav,Footsteps,Door knock,sheep,Brushing teeth,C
48,Which sound event occurs second?,audios/48.wav,Insects (flying),drinking_sipping,Train,Dog,B
49,Which sound event occurs first?,audios/49.wav,frog,"Drinking, sipping",Coughing,Glass breaking,A
50,Which sound event occurs second?,audios/50.wav,Rooster,clapping,Dog,Crickets,B
51,Which sound event occurs second?,audios/51.wav,Laughing,Sheep,Glass breaking,can_opening,D
52,Which sound event occurs second?,audios/52.wav,Cow,Hen,dog,Thunderstorm,C
53,Which sound event occurs second?,audios/53.wav,Toilet flush,airplane,Insects (flying),Door knock,B
54,Which sound event occurs second?,audios/54.wav,Rooster,Chainsaw,Keyboard typing,clock_tick,D
55,Which sound event occurs third?,audios/55.wav,Crying baby,cow,Crow,Toilet flush,B
56,Which sound event occurs first?,audios/56.wav,hand_saw,Wind,Door knock,Insects (flying),A
57,Which sound event occurs first?,audios/57.wav,Toilet flush,Sheep,Footsteps,train,D
58,Which sound event occurs second?,audios/58.wav,Helicopter,Toilet flush,Fireworks,clock_alarm,D
59,Which sound event occurs after sheep sound?,audios/59.wav,Sheep,"Drinking, sipping",Siren,pig,D
60,Which sound event occurs after car_horn sound?,audios/60.wav,Cat,Train,water_drops,Pig,C
61,Which sound event occurs first?,audios/61.wav,laughing,Rain,Airplane,Can opening,A
62,Which sound event occurs after sea_waves sound?,audios/62.wav,airplane,Clock tick,Crickets,Cow,A
63,Which sound event occurs second?,audios/63.wav,Crackling fire,Dog,Mouse click,water_drops,D
64,Which sound event occurs first?,audios/64.wav,Engine,crackling_fire,Chainsaw,Car horn,B
65,Which sound event occurs first?,audios/65.wav,chirping_birds,Vacuum cleaner,Cat,Coughing,A
66,Which sound event occurs second?,audios/66.wav,Cat,Crow,Clock tick,frog,D
67,Which sound event occurs after can_opening sound?,audios/67.wav,sneezing,Siren,"Drinking, sipping",Clock alarm,A
68,Which sound event occurs second?,audios/68.wav,"Drinking, sipping",Glass breaking,Train,wind,D
69,Which sound event occurs third?,audios/69.wav,Laughing,"Door, wood creaks",Car horn,church_bells,D
70,Which sound event occurs after vacuum_cleaner sound?,audios/70.wav,crackling_fire,Helicopter,Hen,Fireworks,A
71,Which sound event occurs second?,audios/71.wav,Chirping birds,"Door, wood creaks",Sea waves,car_horn,D
72,Which sound event occurs second?,audios/72.wav,Brushing teeth,glass_breaking,Fireworks,Pouring water,B
73,Which sound event occurs first?,audios/73.wav,Snoring,Pouring water,laughing,Crackling fire,C
74,Which sound event occurs after coughing sound?,audios/74.wav,Crickets,Clapping,car_horn,Clock tick,C
75,Which sound event occurs second?,audios/75.wav,Coughing,Crickets,Glass breaking,washing_machine,D
76,Which sound event occurs first?,audios/76.wav,Water drops,clock_alarm,Hand saw,Sheep,B
77,Which sound event occurs second?,audios/77.wav,Breathing,crickets,Church bells,Laughing,B
78,Which sound event occurs after siren sound?,audios/78.wav,helicopter,Can opening,"Door, wood creaks",Fireworks,A
79,Which sound event occurs first?,audios/79.wav,Church bells,Toilet flush,car_horn,Crickets,C
80,Which sound event occurs first?,audios/80.wav,Car horn,"Door, wood creaks",Crow,rooster,D
81,Which sound event occurs fourth?,audios/81.wav,Chainsaw,Fireworks,Crying baby,laughing,D
82,Which sound event occurs third?,audios/82.wav,Insects (flying),"Door, wood creaks",chainsaw,Footsteps,C
83,Which sound event occurs second?,audios/83.wav,Crying baby,"Door, wood creaks",Helicopter,engine,D
84,Which sound event occurs second?,audios/84.wav,Washing machine,water_drops,Pig,Frog,B
85,Which sound event occurs first?,audios/85.wav,Mouse click,Hand saw,drinking_sipping,Clock alarm,C
86,Which sound event occurs fourth?,audios/86.wav,Snoring,glass_breaking,Airplane,Chirping birds,B
87,Which sound event occurs second?,audios/87.wav,Hen,Car horn,Crying baby,door_wood_knock,D
88,Which sound event occurs second?,audios/88.wav,pouring_water,Siren,Crying baby,Clock alarm,A
89,Which sound event occurs after snoring sound?,audios/89.wav,frog,Thunderstorm,Breathing,Siren,A
90,Which sound event occurs third?,audios/90.wav,sheep,Siren,Door knock,Chainsaw,A
91,Which sound event occurs second?,audios/91.wav,Thunderstorm,Fireworks,train,Church bells,C
92,Which sound event occurs first?,audios/92.wav,Cat,Wind,Crackling fire,laughing,D
93,Which sound event occurs fourth?,audios/93.wav,coughing,Snoring,Church bells,Laughing,A
94,Which sound event occurs second?,audios/94.wav,Laughing,Crow,Rain,can_opening,D
95,Which sound event occurs third?,audios/95.wav,Chainsaw,brushing_teeth,Thunderstorm,Insects (flying),B
96,Which sound event occurs after car_horn sound?,audios/96.wav,Keyboard typing,Hand saw,footsteps,Rain,C
97,Which sound event occurs first?,audios/97.wav,Wind,Cat,can_opening,Sea waves,C
98,Which sound event occurs first?,audios/98.wav,Clock tick,drinking_sipping,Laughing,Clapping,B
99,Which sound event occurs third?,audios/99.wav,Mouse click,Hen,Airplane,drinking_sipping,D
100,Which sound event occurs second?,audios/100.wav,Fireworks,laughing,Vacuum cleaner,Clock tick,B
101,Which sound event occurs first?,audios/101.wav,Door knock,Wind,can_opening,"Door, wood creaks",C
102,Which sound event occurs second?,audios/102.wav,Sneezing,Siren,Wind,glass_breaking,D
103,Which sound event occurs second?,audios/103.wav,Washing machine,Dog,Vacuum cleaner,siren,D
104,Which sound event occurs after drinking_sipping sound?,audios/104.wav,engine,Crow,Sneezing,Airplane,A
105,Which sound event occurs second?,audios/105.wav,Rooster,Clapping,airplane,Water drops,C
106,Which sound event occurs after hen sound?,audios/106.wav,Pouring water,Hen,Clock tick,clock_alarm,D
107,Which sound event occurs first?,audios/107.wav,"Door, wood creaks",train,Clapping,Helicopter,B
108,Which sound event occurs first?,audios/108.wav,Airplane,hand_saw,Frog,Mouse click,B
109,Which sound event occurs fourth?,audios/109.wav,Siren,frog,Footsteps,Thunderstorm,B
110,Which sound event occurs third?,audios/110.wav,breathing,Keyboard typing,Chainsaw,Thunderstorm,A
111,Which sound event occurs first?,audios/111.wav,Thunderstorm,church_bells,Crying baby,Chirping birds,B
112,Which sound event occurs third?,audios/112.wav,Wind,Coughing,Sheep,drinking_sipping,D
113,Which sound event occurs second?,audios/113.wav,Thunderstorm,snoring,Crying baby,Clock alarm,B
114,Which sound event occurs second?,audios/114.wav,siren,Pig,Dog,Engine,A
115,Which sound event occurs second?,audios/115.wav,Brushing teeth,clapping,Clock tick,Coughing,B
116,Which sound event occurs third?,audios/116.wav,dog,Water drops,Rooster,Can opening,A
117,Which sound event occurs second?,audios/117.wav,Sea waves,Breathing,Glass breaking,fireworks,D
118,Which sound event occurs after cat sound?,audios/118.wav,toilet_flush,Door knock,Laughing,"Door, wood creaks",A
119,Which sound event occurs third?,audios/119.wav,Snoring,siren,Cow,Train,B
120,Which sound event occurs after brushing_teeth sound?,audios/120.wav,airplane,Dog,Car horn,Frog,A
121,Which sound event occurs second?,audios/121.wav,wind,Crickets,Clock tick,Laughing,A
122,Which sound event occurs after airplane sound?,audios/122.wav,Sea waves,can_opening,Fireworks,Sheep,B
123,Which sound event occurs second?,audios/123.wav,"Drinking, sipping",Can opening,Hand saw,door_wood_knock,D
124,Which sound event occurs third?,audios/124.wav,Cow,hen,Vacuum cleaner,Sneezing,B
125,Which sound event occurs after train sound?,audios/125.wav,Footsteps,can_opening,Pig,Helicopter,B
126,Which sound event occurs second?,audios/126.wav,Coughing,Vacuum cleaner,Clapping,toilet_flush,D
127,Which sound event occurs second?,audios/127.wav,Siren,vacuum_cleaner,Washing machine,Breathing,B
128,Which sound event occurs first?,audios/128.wav,Laughing,Dog,snoring,Clock tick,C
129,Which sound event occurs second?,audios/129.wav,Rain,footsteps,Cat,Crow,B
130,Which sound event occurs third?,audios/130.wav,cow,Crackling fire,Engine,Car horn,A
131,Which sound event occurs second?,audios/131.wav,Mouse click,Toilet flush,washing_machine,Door knock,C
132,Which sound event occurs second?,audios/132.wav,Crying baby,Snoring,Crow,chirping_birds,D
133,Which sound event occurs fourth?,audios/133.wav,Mouse click,glass_breaking,Airplane,Church bells,B
134,Which sound event occurs first?,audios/134.wav,Clock alarm,Church bells,crickets,Breathing,C
135,Which sound event occurs after rain sound?,audios/135.wav,Footsteps,Rain,dog,Clock tick,C
136,Which sound event occurs first?,audios/136.wav,Insects (flying),Helicopter,clock_tick,Pouring water,C
137,Which sound event occurs second?,audios/137.wav,Crackling fire,chirping_birds,Dog,Airplane,B
138,Which sound event occurs third?,audios/138.wav,insects,Helicopter,Clock alarm,Car horn,A
139,Which sound event occurs second?,audios/139.wav,Church bells,Insects (flying),"Door, wood creaks",rain,D
140,Which sound event occurs third?,audios/140.wav,Vacuum cleaner,Keyboard typing,snoring,Siren,C
141,Which sound event occurs third?,audios/141.wav,Keyboard typing,snoring,Cat,Can opening,B
142,Which sound event occurs after wind sound?,audios/142.wav,Insects (flying),rooster,Rain,Water drops,B
143,Which sound event occurs third?,audios/143.wav,sea_waves,Sneezing,Engine,Church bells,A
144,Which sound event occurs second?,audios/144.wav,Wind,Door knock,Dog,helicopter,D
145,Which sound event occurs third?,audios/145.wav,"Drinking, sipping",rain,Pig,Hand saw,B
146,Which sound event occurs second?,audios/146.wav,footsteps,"Drinking, sipping",Mouse click,Crow,A
147,Which sound event occurs second?,audios/147.wav,Sea waves,Crickets,wind,"Door, wood creaks",C
148,Which sound event occurs second?,audios/148.wav,dog,Door knock,Mouse click,Pouring water,A
149,Which sound event occurs first?,audios/149.wav,Cow,crackling_fire,Hen,Clock alarm,B
150,Which sound event occurs second?,audios/150.wav,Wind,snoring,Rain,Sneezing,B
151,Which sound event occurs after snoring sound?,audios/151.wav,Airplane,engine,Can opening,Church bells,B
152,Which sound event occurs after train sound?,audios/152.wav,rain,Siren,Crying baby,Crickets,A
153,Which sound event occurs second?,audios/153.wav,Frog,Vacuum cleaner,Helicopter,laughing,D
154,Which sound event occurs after drinking_sipping sound?,audios/154.wav,Coughing,"Door, wood creaks",insects,Frog,C
155,Which sound event occurs fourth?,audios/155.wav,Clapping,pouring_water,Footsteps,Pouring water,B
156,Which sound event occurs second?,audios/156.wav,"Drinking, sipping",Water drops,Sneezing,crow,D
157,Which sound event occurs second?,audios/157.wav,Brushing teeth,Laughing,frog,Washing machine,C
158,Which sound event occurs after toilet_flush sound?,audios/158.wav,Dog,Laughing,church_bells,Mouse click,C
159,Which sound event occurs third?,audios/159.wav,Clock alarm,Laughing,crow,Crow,C
160,Which sound event occurs first?,audios/160.wav,Crow,fireworks,Rain,"Door, wood creaks",B
161,Which sound event occurs third?,audios/161.wav,laughing,Breathing,Laughing,Crying baby,A
162,Which sound event occurs third?,audios/162.wav,Washing machine,Door knock,chainsaw,Toilet flush,C
163,Which sound event occurs fourth?,audios/163.wav,Chainsaw,Fireworks,Crying baby,door_wood_creaks,D
164,Which sound event occurs first?,audios/164.wav,Crow,Sneezing,crow,Pouring water,C
165,Which sound event occurs third?,audios/165.wav,Car horn,Toilet flush,Water drops,coughing,D
166,Which sound event occurs second?,audios/166.wav,Helicopter,Crackling fire,frog,Clock tick,C
167,Which sound event occurs after airplane sound?,audios/167.wav,Water drops,cat,Brushing teeth,Laughing,B
168,Which sound event occurs first?,audios/168.wav,Pouring water,Sheep,train,Crying baby,C
169,Which sound event occurs second?,audios/169.wav,Laughing,clapping,Train,Door knock,B
170,Which sound event occurs first?,audios/170.wav,Helicopter,water_drops,Sneezing,Chainsaw,B
171,Which sound event occurs first?,audios/171.wav,Water drops,sea_waves,Church bells,Pouring water,B
172,Which sound event occurs second?,audios/172.wav,"Door, wood creaks",chirping_birds,Coughing,Water drops,B
173,Which sound event occurs first?,audios/173.wav,Door knock,Chirping birds,Brushing teeth,toilet_flush,D
174,Which sound event occurs third?,audios/174.wav,helicopter,Brushing teeth,Coughing,Crickets,A
175,Which sound event occurs second?,audios/175.wav,Crackling fire,Breathing,coughing,Wind,C
176,Which sound event occurs after vacuum_cleaner sound?,audios/176.wav,Breathing,Fireworks,Snoring,toilet_flush,D
177,Which sound event occurs second?,audios/177.wav,car_horn,"Door, wood creaks",Toilet flush,Clapping,A
178,Which sound event occurs first?,audios/178.wav,Door knock,mouse_click,Rain,Footsteps,B
179,Which sound event occurs fourth?,audios/179.wav,Airplane,church_bells,Washing machine,Car horn,B
180,Which sound event occurs after clock_alarm sound?,audios/180.wav,Sheep,Train,breathing,Footsteps,C
181,Which sound event occurs second?,audios/181.wav,laughing,Cow,Church bells,Snoring,A
182,Which sound event occurs third?,audios/182.wav,Helicopter,pouring_water,Brushing teeth,Mouse click,B
183,Which sound event occurs after airplane sound?,audios/183.wav,Sneezing,sneezing,Sea waves,Clock alarm,B
184,Which sound event occurs second?,audios/184.wav,Glass breaking,Hand saw,church_bells,Airplane,C
185,Which sound event occurs second?,audios/185.wav,footsteps,Brushing teeth,Thunderstorm,Pig,A
186,Which sound event occurs second?,audios/186.wav,Hand saw,car_horn,Vacuum cleaner,Chirping birds,B
187,Which sound event occurs third?,audios/187.wav,Clapping,car_horn,Crying baby,Wind,B
188,Which sound event occurs second?,audios/188.wav,Clapping,chirping_birds,Chirping birds,Hen,B
189,Which sound event occurs fourth?,audios/189.wav,pig,Glass breaking,"Door, wood creaks",Dog,A
190,Which sound event occurs after water_drops sound?,audios/190.wav,Siren,can_opening,Clock alarm,Keyboard typing,B
191,Which sound event occurs second?,audios/191.wav,siren,Brushing teeth,Pouring water,Sheep,A
192,Which sound event occurs fourth?,audios/192.wav,Train,Rain,Crackling fire,chainsaw,D
193,Which sound event occurs third?,audios/193.wav,Toilet flush,Sheep,breathing,Helicopter,C
194,Which sound event occurs second?,audios/194.wav,Insects (flying),Fireworks,Crickets,hen,D
195,Which sound event occurs third?,audios/195.wav,Brushing teeth,Rain,Crying baby,footsteps,D
196,Which sound event occurs first?,audios/196.wav,"Drinking, sipping",crickets,Crickets,Siren,B
197,Which sound event occurs after vacuum_cleaner sound?,audios/197.wav,Laughing,Brushing teeth,Cat,crickets,D
198,Which sound event occurs second?,audios/198.wav,Train,Crying baby,Laughing,crickets,D
199,Which sound event occurs first?,audios/199.wav,clock_tick,Hand saw,Washing machine,Door knock,A
